tipoEnvio;dataBase;cnpjIf;id;cpf;cnpj;valorADevolver;codOrigem;infAdicionais;modalidadePagamento
I;202206;149299;IDaleatorio00001;11122233399;;82;10;ag 1234 cc 1154001;91
I;202206;38166;IDaleatorio00002;;1,12E+13;15029,5;40;Tarifa: Abertura de conta;92
I;202206;38166;IDaleatorio00003;99988877700;;751,04;51;bla bla;93
I;202206;38166;IDaleatorio00004;12345678901;;751,04;51;bla bla;94
I;202206;38166;IDaleatorio00005;99988877700;;15,12;60;bla bla;95
I;202206;38166;IDaleatorio00006;12345678901;;51,87;61;bla bla;96
I;202206;38166;IDaleatorio00007;90357878469;;210676,48;60;bla bla;97
I;202206;38166;IDaleatorio00008;53710603676;;983778,71;40;bla bla;98
I;202206;38166;IDaleatorio00009;20249694883;;3591938,42;10;bla bla;91
I;202206;38166;IDaleatorio000010;28143884287;;805132,84;60;bla bla;92
I;202206;38166;IDaleatorio000011;30496631110;;2624159,99;10;bla bla;93
I;202206;38166;IDaleatorio000012;41438259450;;614053,63;51;bla bla;94
I;202206;38166;IDaleatorio000013;87180461180;;136704,77;60;bla bla;95
I;202206;38166;IDaleatorio000014;26009039681;;1995743;60;bla bla;96
I;202206;38166;IDaleatorio000015;56870174539;;3176232,31;50;bla bla;97
I;202206;38166;IDaleatorio000016;75064226462;;983561,49;11;bla bla;98
I;202206;38166;IDaleatorio000017;31883668689;;142418,69;10;bla bla;91
I;202206;149299;IDaleatorio000018;42728916187;;2110402,54;51;bla bla;92
I;202206;38166;IDaleatorio000019;75715196833;;1427185,49;10;bla bla;93
I;202206;38166;IDaleatorio000020;42895223513;;3604702,34;61;bla bla;94
I;202206;38166;IDaleatorio000021;285502182;;10462,87;61;bla bla;95
I;202206;38166;IDaleatorio000022;42289628824;;929500,97;11;bla bla;96
I;202206;38166;IDaleatorio000023;32472193742;;3476608,78;40;bla bla;97
I;202206;38166;IDaleatorio000024;86705089318;;2070699,21;50;bla bla;98
I;202206;38166;IDaleatorio000025;948016140;;2743309,51;61;bla bla;91
I;202206;38166;IDaleatorio000026;36943163965;;2735952,33;60;bla bla;92
I;202206;38166;IDaleatorio000027;97441412129;;1386498,81;11;bla bla;93
I;202206;38166;IDaleatorio000028;4704355691;;3773766,07;50;bla bla;94
I;202206;38166;IDaleatorio000029;93248055170;;765434,76;40;bla bla;95
I;202206;38166;IDaleatorio000030;2621614515;;3721662,12;11;bla bla;96
I;202206;38166;IDaleatorio000031;99550871533;;514069,1;50;bla bla;97
I;202206;38166;IDaleatorio000032;77857909653;;332192,81;50;bla bla;98
I;202206;38166;IDaleatorio000033;80180951246;;3394119,86;51;bla bla;91
I;202206;38166;IDaleatorio000034;16960865662;;1535681,31;61;bla bla;92
I;202206;38166;IDaleatorio000035;33563278792;;3989049,03;10;bla bla;93
I;202206;38166;IDaleatorio000036;74049956047;;3875320,68;40;bla bla;94
I;202206;38166;IDaleatorio000037;60023849100;;3390280,19;10;bla bla;95
I;202206;38166;IDaleatorio000038;96634893241;;1689505,33;50;bla bla;96
I;202206;38166;IDaleatorio000039;17068413960;;2502102,84;10;bla bla;97
I;202206;38166;IDaleatorio000040;92996031032;;72736,42;10;bla bla;98
I;202206;38166;IDaleatorio000041;34541686350;;1598643,95;11;bla bla;91
I;202206;38166;IDaleatorio000042;13236727454;;2378087,97;10;bla bla;92
I;202206;38166;IDaleatorio000043;45619732495;;2917428,39;40;bla bla;93
I;202206;38166;IDaleatorio000044;53541019301;;2099720,83;10;bla bla;94
I;202206;38166;IDaleatorio000045;10044388691;;3885146,87;61;bla bla;95
I;202206;38166;IDaleatorio000046;29982445480;;1702207,57;61;bla bla;96
I;202206;38166;IDaleatorio000047;18964809343;;1221884,77;11;bla bla;97
I;202206;38166;IDaleatorio000048;49385115090;;2055870,02;50;bla bla;98
I;202206;38166;IDaleatorio000049;80839847440;;283536,19;10;bla bla;91
I;202206;38166;IDaleatorio000050;2885830786;;941324,71;40;bla bla;92
I;202206;38166;IDaleatorio000051;96235409494;;3477328,83;61;bla bla;93
I;202206;38166;IDaleatorio000052;12635846081;;2333899,22;10;bla bla;94
I;202206;38166;IDaleatorio000053;34433575127;;3934801,89;61;bla bla;95
I;202206;38166;IDaleatorio000054;34420156775;;1254777,39;61;bla bla;96
I;202206;38166;IDaleatorio000055;53957928052;;285166,32;10;bla bla;97
I;202206;38166;IDaleatorio000056;47152113602;;1626585,93;61;bla bla;98
I;202206;38166;IDaleatorio000057;39222901916;;3979183,68;10;bla bla;91
I;202206;38166;IDaleatorio000058;84213837955;;906052,97;61;bla bla;92
I;202206;38166;IDaleatorio000059;82178612423;;3944903,1;60;bla bla;93
I;202206;38166;IDaleatorio000060;26024817851;;2604156,51;10;bla bla;94
I;202206;38166;IDaleatorio000061;23563650012;;3240631,61;40;bla bla;95
I;202206;38166;IDaleatorio000062;16500003403;;2171906,19;40;bla bla;96
I;202206;38166;IDaleatorio000063;38367595602;;2129528,18;40;bla bla;97
I;202206;38166;IDaleatorio000064;61832914127;;150787,46;10;bla bla;98
I;202206;38166;IDaleatorio000065;37648153459;;2445853,05;61;bla bla;91
I;202206;38166;IDaleatorio000066;10123542618;;1307178,57;50;bla bla;92
I;202206;38166;IDaleatorio000067;2200372051;;1459166,9;10;bla bla;93
I;202206;38166;IDaleatorio000068;48537857602;;237039,06;50;bla bla;94
I;202207;38166;IDaleatorio000069;20241701708;;2213069,56;50;bla bla;95
I;202207;38166;IDaleatorio000070;57357333035;;3473981,57;10;bla bla;96
I;202207;38166;IDaleatorio000071;86020270793;;1714120,69;11;bla bla;97
I;202207;38166;IDaleatorio000072;49665810448;;2635204,6;11;bla bla;98
I;202207;38166;IDaleatorio000073;70114278300;;122254,53;50;bla bla;91
I;202207;38166;IDaleatorio000074;93803551730;;1723369,79;10;bla bla;92
I;202207;38166;IDaleatorio000075;72142652140;;2848421,3;10;bla bla;93
I;202207;8;IDaleatorio000076;85166001141;;406632,02;50;bla bla;94
I;202207;38166;IDaleatorio000077;19509728101;;3421532,15;40;bla bla;95
I;202207;38166;IDaleatorio000078;49737951867;;1837947,19;51;bla bla;96
I;202207;38166;IDaleatorio000079;66229590646;;233318,98;40;bla bla;97
I;202207;38166;IDaleatorio000080;40614755093;;246614,42;10;bla bla;98
I;202207;38166;IDaleatorio000081;42613182610;;1113856,53;50;bla bla;91
I;202207;38166;IDaleatorio000082;85207993615;;3558415,45;50;bla bla;92
I;202207;38166;IDaleatorio000083;37421940979;;3462368,08;40;bla bla;93
I;202207;38166;IDaleatorio000084;73508643611;;2489785,22;40;bla bla;94
I;202207;38166;IDaleatorio000085;93597565123;;2651374,41;60;bla bla;95
I;202207;149299;IDaleatorio000086;21252662882;;2504254,14;60;bla bla;96
I;202207;149299;IDaleatorio000087;73019284325;;1834625,6;40;bla bla;97
I;202207;149299;IDaleatorio000088;62517395764;;3687592,86;51;bla bla;98
I;202207;149299;IDaleatorio000089;80469125063;;783602,26;61;bla bla;91
I;202207;149299;IDaleatorio000090;13943356876;;3247456,07;60;bla bla;92
I;202207;149299;IDaleatorio000091;81319699596;;362032,02;50;bla bla;93
I;202207;149299;IDaleatorio000092;78957453792;;2248026,63;50;bla bla;94
I;202207;149299;IDaleatorio000093;35110701555;;1488299,24;51;bla bla;95
I;202207;149299;IDaleatorio000094;8255220216;;3704003,03;50;bla bla;96
I;202207;149299;IDaleatorio000095;64880704601;;2902771,84;10;bla bla;97
I;202207;149299;IDaleatorio000096;20742986764;;1832175,37;40;bla bla;98
I;202207;149299;IDaleatorio000097;57166454458;;1414769,79;50;bla bla;91
I;202207;149299;IDaleatorio000098;77695326550;;1644201,75;50;bla bla;92
I;202207;38166;IDaleatorio000099;42980043508;;1744459,38;10;bla bla;93
I;202207;38166;IDaleatorio0000100;48177304208;;3457338,11;61;bla bla;94
I;202207;38166;IDaleatorio0000101;11233370553;;2549053,03;60;bla bla;95
I;202207;38166;IDaleatorio0000102;26296520760;;1436057,72;60;bla bla;96
I;202207;38166;IDaleatorio0000103;11985023636;;754635,49;61;bla bla;97
I;202207;38166;IDaleatorio0000104;85221832526;;3334510,3;51;bla bla;98
I;202207;38166;IDaleatorio0000105;87488011430;;1274971,02;10;bla bla;91
I;202207;38166;IDaleatorio0000106;34052762096;;690368,73;40;bla bla;92
I;202207;38166;IDaleatorio0000107;50814575404;;386864,76;11;bla bla;93
I;202207;38166;IDaleatorio0000108;28103942707;;1734522,41;61;bla bla;94
I;202207;38166;IDaleatorio0000109;43354468378;;3062845,1;10;bla bla;95
I;202207;38166;IDaleatorio0000110;30987948520;;2462492,02;40;bla bla;96
I;202207;38166;IDaleatorio0000111;15836139431;;793837,38;11;bla bla;97
I;202207;38166;IDaleatorio0000112;61053982399;;333826,26;51;bla bla;98
I;202207;38166;IDaleatorio0000113;43505171549;;1031929,17;10;bla bla;91
I;202207;38166;IDaleatorio0000114;37633982608;;1113986,09;10;bla bla;92
I;202207;38166;IDaleatorio0000115;20948011793;;2404227,7;10;bla bla;93
I;202207;38166;IDaleatorio0000116;61102360805;;1566287,16;10;bla bla;94
I;202207;38166;IDaleatorio0000117;12950587313;;655614,18;61;bla bla;95
I;202207;38166;IDaleatorio0000118;41757711155;;2485583,12;11;bla bla;96
I;202207;38166;IDaleatorio0000119;25822298907;;3645140,92;11;bla bla;97
I;202207;38166;IDaleatorio0000120;87658026166;;3255789,6;10;bla bla;98
I;202207;38166;IDaleatorio0000121;97226456680;;1222839,34;51;bla bla;91
I;202207;38166;IDaleatorio0000122;89699565810;;1018969,71;10;bla bla;92
I;202207;38166;IDaleatorio0000123;92647121940;;1733818,98;51;bla bla;93
I;202207;38166;IDaleatorio0000124;96454895475;;2101804,26;51;bla bla;94
I;202207;38166;IDaleatorio0000125;74077471729;;3854884,97;10;bla bla;95
I;202207;38166;IDaleatorio0000126;35919159049;;2505055,04;50;bla bla;96
I;202207;38166;IDaleatorio0000127;77328287713;;2289684,27;60;bla bla;97
I;202207;38166;IDaleatorio0000128;66664172593;;1251631,84;60;bla bla;98
I;202207;38166;IDaleatorio0000129;95645897897;;1276774,98;61;bla bla;91
I;202207;38166;IDaleatorio0000130;53237834432;;3159162,24;60;bla bla;92
I;202207;38166;IDaleatorio0000131;55148629509;;1403821,51;11;bla bla;93
I;202207;38166;IDaleatorio0000132;43658108126;;2535874,52;10;bla bla;94
I;202207;38166;IDaleatorio0000133;62204080632;;3326315,86;60;bla bla;95
I;202207;38166;IDaleatorio0000134;78884312671;;1665075,47;10;bla bla;96
I;202207;38166;IDaleatorio0000135;39397509560;;1073495,99;11;bla bla;97
I;202207;38166;IDaleatorio0000136;69557857455;;2329894,6;61;bla bla;98
I;202207;38166;IDaleatorio0000137;42311645099;;1519079,44;10;bla bla;91
I;202207;38166;IDaleatorio0000138;37124218420;;950620,48;10;bla bla;92
I;202207;38166;IDaleatorio0000139;44777730727;;3723997,47;50;bla bla;93
I;202207;38166;IDaleatorio0000140;54221688793;;1778741,86;40;bla bla;94
I;202207;38166;IDaleatorio0000141;28501238201;;3687971,09;10;bla bla;95
I;202207;38166;IDaleatorio0000142;14307223047;;3407502,51;51;bla bla;96
I;202207;38166;IDaleatorio0000143;34402201926;;1710556,65;40;bla bla;97
I;202207;38166;IDaleatorio0000144;64106365804;;831192,83;61;bla bla;98
I;202207;38166;IDaleatorio0000145;49951095283;;1288097,15;60;bla bla;91
I;202207;38166;IDaleatorio0000146;63030929426;;87391,1;61;bla bla;92
I;202207;38166;IDaleatorio0000147;9744236299;;2027558,32;10;bla bla;93
I;202207;38166;IDaleatorio0000148;73956519795;;3204931,37;61;bla bla;94
I;202207;38166;IDaleatorio0000149;41407712322;;1776550,91;10;bla bla;95
I;202207;38166;IDaleatorio0000150;95469227227;;2888910,26;60;bla bla;96
I;202207;38166;IDaleatorio0000151;61326293354;;448662,19;10;bla bla;97
I;202207;38166;IDaleatorio0000152;30503203203;;2203716,9;40;bla bla;98
I;202207;38166;IDaleatorio0000153;48009081671;;2329822,45;10;bla bla;91
I;202207;38166;IDaleatorio0000154;63829051271;;348878,16;10;bla bla;92
I;202207;38166;IDaleatorio0000155;13966875136;;3683728,94;10;bla bla;93
I;202207;38166;IDaleatorio0000156;33716865664;;409884,15;51;bla bla;94
I;202207;38166;IDaleatorio0000157;12482665795;;3699032,26;50;bla bla;95
I;202207;38166;IDaleatorio0000158;103415360;;2954141,48;50;bla bla;96
I;202207;38166;IDaleatorio0000159;36112819562;;2998046,01;61;bla bla;97
I;202207;38166;IDaleatorio0000160;77783353444;;2340666,36;11;bla bla;98
I;202207;38166;IDaleatorio0000161;64117935739;;961017,72;60;bla bla;91
I;202207;38166;IDaleatorio0000162;15401937059;;2038064,48;50;bla bla;92
I;202207;38166;IDaleatorio0000163;68908937781;;892651,39;10;bla bla;93
I;202207;38166;IDaleatorio0000164;96302939860;;3997561,81;10;bla bla;94
I;202207;38166;IDaleatorio0000165;99155651941;;1684102,61;40;bla bla;95
I;202207;38166;IDaleatorio0000166;51231831596;;3225009,95;60;bla bla;96
I;202207;38166;IDaleatorio0000167;11066513244;;3148008,8;10;bla bla;97
I;202207;38166;IDaleatorio0000168;53169936085;;1958709,05;11;bla bla;98
I;202207;38166;IDaleatorio0000169;67767974987;;478197,91;10;bla bla;91
I;202207;38166;IDaleatorio0000170;37209384502;;377861,29;60;bla bla;92
I;202207;38166;IDaleatorio0000171;72844692346;;953908,09;60;bla bla;93
I;202207;38166;IDaleatorio0000172;97095036349;;801106,82;10;bla bla;94
I;202207;38166;IDaleatorio0000173;14348643164;;1324335,65;61;bla bla;95
I;202207;38166;IDaleatorio0000174;64871348210;;1381088,07;40;bla bla;96
I;202207;38166;IDaleatorio0000175;82082955664;;189457,82;51;bla bla;97
I;202207;38166;IDaleatorio0000176;75321358613;;1093622,69;61;bla bla;98
I;202207;38166;IDaleatorio0000177;1984088700;;2697348,43;40;bla bla;91
I;202207;38166;IDaleatorio0000178;18991468810;;96554,98;11;bla bla;92
I;202207;38166;IDaleatorio0000179;3726609750;;3948416,33;61;bla bla;93
I;202207;38166;IDaleatorio0000180;63173992555;;1763631,69;10;bla bla;94
I;202207;38166;IDaleatorio0000181;29832778360;;3124526,72;10;bla bla;95
I;202207;38166;IDaleatorio0000182;39057879620;;1179965,27;11;bla bla;96
I;202207;38166;IDaleatorio0000183;40322617502;;1907334,46;11;bla bla;97
I;202207;38166;IDaleatorio0000184;61657468615;;1511041,58;11;bla bla;98
I;202207;38166;IDaleatorio0000185;85178415221;;2709420,86;10;bla bla;91
I;202207;38166;IDaleatorio0000186;96939509097;;1875154,25;11;bla bla;92
I;202207;38166;IDaleatorio0000187;24492142592;;316233,19;10;bla bla;93
I;202207;38166;IDaleatorio0000188;89766089507;;553572,15;10;bla bla;94
I;202207;38166;IDaleatorio0000189;28327892770;;534397,66;11;bla bla;95
I;202207;38166;IDaleatorio0000190;88365735687;;1849844,62;40;bla bla;96
I;202207;38166;IDaleatorio0000191;94301584650;;1644819,06;10;bla bla;97
I;202207;38166;IDaleatorio0000192;55717991100;;3611852,62;10;bla bla;98
I;202207;38166;IDaleatorio0000193;85638071296;;3275312,57;11;bla bla;91
I;202207;38166;IDaleatorio0000194;8255805796;;2617772,51;40;bla bla;92
I;202207;38166;IDaleatorio0000195;93536257500;;3891270,01;51;bla bla;93
I;202207;38166;IDaleatorio0000196;22467190897;;2406753,05;50;bla bla;94
I;202207;38166;IDaleatorio0000197;52309822418;;3800160,99;10;bla bla;95
I;202207;38166;IDaleatorio0000198;70642655405;;3627669,83;51;bla bla;96
I;202207;38166;IDaleatorio0000199;3703387408;;537283,21;10;bla bla;97
I;202207;38166;IDaleatorio0000200;35816163868;;2796072,78;61;bla bla;98
I;202207;38166;IDaleatorio0000201;50510442552;;2010622,99;10;bla bla;91
I;202207;38166;IDaleatorio0000202;42292430738;;2968585,91;51;bla bla;92
I;202207;38166;IDaleatorio0000203;64819542400;;2932698,71;10;bla bla;93
I;202207;38166;IDaleatorio0000204;27952046144;;3777445,76;61;bla bla;94
I;202207;38166;IDaleatorio0000205;98492307110;;1258316,5;10;bla bla;95
I;202207;38166;IDaleatorio0000206;54091819486;;3992447,75;40;bla bla;96
I;202207;38166;IDaleatorio0000207;80035387009;;1086528,46;10;bla bla;97
I;202207;38166;IDaleatorio0000208;52694922619;;2644141,72;50;bla bla;98
I;202207;38166;IDaleatorio0000209;79181898339;;786198,96;11;bla bla;91
I;202207;38166;IDaleatorio0000210;27823293404;;2336095,27;51;bla bla;92
I;202207;38166;IDaleatorio0000211;91045437506;;79064,85;10;bla bla;93
I;202207;38166;IDaleatorio0000212;17544726568;;3684135,29;51;bla bla;94
I;202207;38166;IDaleatorio0000213;5073284003;;913437,09;61;bla bla;95
I;202207;38166;IDaleatorio0000214;32725850363;;3038859,01;61;bla bla;96
I;202207;38166;IDaleatorio0000215;4628948607;;3429453,04;11;bla bla;97
I;202207;38166;IDaleatorio0000216;50267546009;;1448103,45;40;bla bla;98
I;202207;38166;IDaleatorio0000217;75736854597;;3799849,76;10;bla bla;91
I;202207;38166;IDaleatorio0000218;96500613392;;2307300,12;10;bla bla;92
I;202207;38166;IDaleatorio0000219;74040799267;;3952014,86;50;bla bla;93
I;202207;38166;IDaleatorio0000220;30010284591;;2408919,63;50;bla bla;94
I;202207;38166;IDaleatorio0000221;45837582940;;2316773,16;61;bla bla;95
I;202207;38166;IDaleatorio0000222;17618228531;;1618131,8;10;bla bla;96
I;202207;38166;IDaleatorio0000223;96067531070;;2541082,63;61;bla bla;97
I;202207;38166;IDaleatorio0000224;92586566793;;1919013,07;10;bla bla;98
I;202207;38166;IDaleatorio0000225;18794091439;;1296153,09;11;bla bla;91
I;202207;38166;IDaleatorio0000226;28386735996;;2579451,59;10;bla bla;92
I;202207;38166;IDaleatorio0000227;98009489026;;462162,32;40;bla bla;93
I;202207;38166;IDaleatorio0000228;58967532415;;3418396,86;10;bla bla;94
I;202207;38166;IDaleatorio0000229;49160299681;;950487,86;11;bla bla;95
I;202207;38166;IDaleatorio0000230;36272976798;;1387493,86;50;bla bla;96
I;202207;38166;IDaleatorio0000231;25991915997;;3893814,32;51;bla bla;97
I;202207;38166;IDaleatorio0000232;12757576852;;1147934,69;60;bla bla;98
I;202207;38166;IDaleatorio0000233;66843823483;;1356560,66;40;bla bla;91
I;202207;38166;IDaleatorio0000234;72918470015;;398162,97;10;bla bla;92
I;202207;38166;IDaleatorio0000235;3847725955;;1927405,64;40;bla bla;93
I;202207;38166;IDaleatorio0000236;96426219320;;1041743,81;61;bla bla;94
I;202207;38166;IDaleatorio0000237;91674582382;;3873681,58;50;bla bla;95
I;202207;38166;IDaleatorio0000238;616744358;;2166629,85;50;bla bla;96
I;202207;38166;IDaleatorio0000239;28606045454;;1222325,69;10;bla bla;97
I;202207;38166;IDaleatorio0000240;46289780697;;1034674,31;11;bla bla;98
I;202207;38166;IDaleatorio0000241;86048646364;;1903601,11;40;bla bla;91
I;202207;38166;IDaleatorio0000242;9691417189;;2383242,48;11;bla bla;92
I;202207;38166;IDaleatorio0000243;69469186222;;3610352,41;11;bla bla;93
I;202207;38166;IDaleatorio0000244;2178705464;;1433659,6;50;bla bla;94
I;202207;38166;IDaleatorio0000245;75265986774;;2855921,03;61;bla bla;95
I;202207;38166;IDaleatorio0000246;78562015687;;3429907,94;50;bla bla;96
I;202207;38166;IDaleatorio0000247;89152106110;;2266242,76;60;bla bla;97
I;202207;38166;IDaleatorio0000248;45158907005;;447513,29;60;bla bla;98
I;202207;38166;IDaleatorio0000249;87003878780;;2390924,93;51;bla bla;91
I;202207;38166;IDaleatorio0000250;55264863547;;1498889,53;60;bla bla;92
I;202207;38166;IDaleatorio0000251;39515274982;;425680,37;10;bla bla;93
I;202207;38166;IDaleatorio0000252;68527496305;;3363640,24;60;bla bla;94
I;202207;38166;IDaleatorio0000253;13975954698;;3682692,97;60;bla bla;95
I;202207;38166;IDaleatorio0000254;66987597677;;3186566,89;61;bla bla;96
I;202207;38166;IDaleatorio0000255;87208186103;;3129335,37;40;bla bla;97
I;202207;38166;IDaleatorio0000256;65775274822;;1572149,41;60;bla bla;98
I;202207;38166;IDaleatorio0000257;94072140953;;2527525,47;51;bla bla;91
I;202207;38166;IDaleatorio0000258;10146096746;;2175096,29;10;bla bla;92
I;202207;38166;IDaleatorio0000259;10210442964;;2422161,35;51;bla bla;93
I;202207;38166;IDaleatorio0000260;52125737183;;2554337,76;11;bla bla;94
I;202207;38166;IDaleatorio0000261;55799584716;;1528315,92;10;bla bla;95
I;202207;38166;IDaleatorio0000262;34904013107;;667888,11;61;bla bla;96
I;202207;38166;IDaleatorio0000263;61316329879;;1780225,28;61;bla bla;97
I;202207;38166;IDaleatorio0000264;46316126905;;780361,41;40;bla bla;98
I;202207;38166;IDaleatorio0000265;3265756777;;2242916,38;40;bla bla;91
I;202207;38166;IDaleatorio0000266;35386794523;;2300757,65;61;bla bla;92
I;202207;38166;IDaleatorio0000267;4942666279;;163687,28;51;bla bla;93
I;202207;38166;IDaleatorio0000268;34416181302;;572299,49;40;bla bla;94
I;202207;38166;IDaleatorio0000269;82605759571;;2641711,43;40;bla bla;95
I;202207;38166;IDaleatorio0000270;10691049068;;685686,83;51;bla bla;96
I;202207;38166;IDaleatorio0000271;25016802602;;1867532,02;60;bla bla;97
I;202207;38166;IDaleatorio0000272;40556267460;;1287597,94;10;bla bla;98
I;202207;38166;IDaleatorio0000273;46814057360;;1468447,44;40;bla bla;91
I;202207;38166;IDaleatorio0000274;99915949065;;432654,57;61;bla bla;92
I;202207;38166;IDaleatorio0000275;26547219496;;3644595,31;60;bla bla;93
I;202207;38166;IDaleatorio0000276;92254095323;;1658500,9;61;bla bla;94
I;202207;38166;IDaleatorio0000277;7475416631;;2193229,06;10;bla bla;95
I;202207;38166;IDaleatorio0000278;75125796590;;1408695,69;61;bla bla;96
I;202207;38166;IDaleatorio0000279;79939586523;;2425133,09;50;bla bla;97
I;202207;38166;IDaleatorio0000280;91094949876;;2785249,72;10;bla bla;98
I;202207;38166;IDaleatorio0000281;8438583466;;63712,4;51;bla bla;91
I;202207;38166;IDaleatorio0000282;17007224091;;2328817,79;60;bla bla;92
I;202207;38166;IDaleatorio0000283;12715037198;;3667391,44;50;bla bla;93
I;202207;38166;IDaleatorio0000284;15736990717;;1712968,46;60;bla bla;94
I;202207;38166;IDaleatorio0000285;82122266384;;2101634,32;40;bla bla;95
I;202207;38166;IDaleatorio0000286;86198889947;;1247223,7;51;bla bla;96
I;202207;38166;IDaleatorio0000287;49906386975;;66318,24;11;bla bla;97
I;202207;38166;IDaleatorio0000288;56076185953;;2433841,46;61;bla bla;98
I;202207;38166;IDaleatorio0000289;59354702414;;1563455,91;50;bla bla;91
I;202207;38166;IDaleatorio0000290;30832083593;;2270357,08;10;bla bla;92
I;202207;38166;IDaleatorio0000291;60806688076;;3202071,66;40;bla bla;93
I;202207;38166;IDaleatorio0000292;21701069520;;2160673,58;51;bla bla;94
I;202207;38166;IDaleatorio0000293;3101469929;;1273201,06;40;bla bla;95
I;202207;38166;IDaleatorio0000294;92153219426;;137560,87;61;bla bla;96
I;202207;38166;IDaleatorio0000295;37879024220;;3147075,4;60;bla bla;97
I;202207;38166;IDaleatorio0000296;32703583850;;2445924,8;50;bla bla;98
I;202207;38166;IDaleatorio0000297;97352965866;;8784,23;61;bla bla;91
I;202207;38166;IDaleatorio0000298;20121726525;;1658013,66;50;bla bla;92
I;202207;38166;IDaleatorio0000299;72426298375;;3698021,77;10;bla bla;93
I;202207;38166;IDaleatorio0000300;11197273085;;3759365,68;10;bla bla;94
I;202207;38166;IDaleatorio0000301;82048024556;;957297,86;10;bla bla;95
I;202207;38166;IDaleatorio0000302;47866242500;;3998015,76;10;bla bla;96
I;202207;38166;IDaleatorio0000303;14375117320;;3648561,81;10;bla bla;97
I;202207;38166;IDaleatorio0000304;87795489702;;1703374,91;11;bla bla;98
I;202207;38166;IDaleatorio0000305;46432361834;;252923,02;40;bla bla;91
I;202207;38166;IDaleatorio0000306;32681612357;;2814054,24;51;bla bla;92
I;202207;38166;IDaleatorio0000307;13225539201;;334651,73;10;bla bla;93
I;202207;38166;IDaleatorio0000308;39985452046;;698760,91;10;bla bla;94
I;202207;38166;IDaleatorio0000309;76324060004;;218441,09;11;bla bla;95
I;202207;38166;IDaleatorio0000310;7710762158;;2860370,67;10;bla bla;96
I;202207;38166;IDaleatorio0000311;37440327446;;3027746,85;11;bla bla;97
I;202207;38166;IDaleatorio0000312;59241481900;;2918736,72;51;bla bla;98
I;202207;38166;IDaleatorio0000313;62796866475;;351924,64;50;bla bla;91
I;202207;38166;IDaleatorio0000314;91066439222;;1375532,28;61;bla bla;92
I;202207;38166;IDaleatorio0000315;96533054686;;583675,73;50;bla bla;93
I;202207;38166;IDaleatorio0000316;82204939331;;1311519,2;10;bla bla;94
I;202207;38166;IDaleatorio0000317;50577735420;;841084,67;40;bla bla;95
I;202207;38166;IDaleatorio0000318;81662415605;;2950249,33;11;bla bla;96
I;202207;38166;IDaleatorio0000319;84233725451;;3643372,23;10;bla bla;97
I;202207;38166;IDaleatorio0000320;7044668305;;2967334,72;40;bla bla;98
I;202207;38166;IDaleatorio0000321;73921845394;;24244,95;60;bla bla;91
I;202207;38166;IDaleatorio0000322;17522906741;;2942279,54;50;bla bla;92
I;202207;38166;IDaleatorio0000323;64538325007;;2607911,98;40;bla bla;93
I;202207;38166;IDaleatorio0000324;80759119201;;1939438,01;60;bla bla;94
I;202207;38166;IDaleatorio0000325;52671786328;;15563,16;60;bla bla;95
I;202207;38166;IDaleatorio0000326;95096581543;;2836247,82;50;bla bla;96
I;202207;38166;IDaleatorio0000327;7272197315;;817800,36;10;bla bla;97
I;202207;38166;IDaleatorio0000328;75049969557;;3508458,5;61;bla bla;98
I;202207;38166;IDaleatorio0000329;75412699723;;2452456,35;51;bla bla;91
I;202207;38166;IDaleatorio0000330;45830912732;;1731774,15;50;bla bla;92
I;202207;38166;IDaleatorio0000331;84458972847;;3465578,62;50;bla bla;93
I;202207;38166;IDaleatorio0000332;7673264820;;3312999,08;11;bla bla;94
I;202207;38166;IDaleatorio0000333;99734058975;;380183,45;10;bla bla;95
I;202207;38166;IDaleatorio0000334;74369003660;;812613,35;10;bla bla;96
I;202207;38166;IDaleatorio0000335;77333408450;;3323209,91;10;bla bla;97
I;202207;38166;IDaleatorio0000336;61246122596;;1186931,04;61;bla bla;98
I;202207;38166;IDaleatorio0000337;10564202606;;2164997,04;40;bla bla;91
I;202207;38166;IDaleatorio0000338;16237391606;;1857586,41;60;bla bla;92
I;202207;38166;IDaleatorio0000339;53284453172;;2317464,71;51;bla bla;93
I;202207;38166;IDaleatorio0000340;41711265250;;2131328,1;11;bla bla;94
I;202207;38166;IDaleatorio0000341;18362093714;;2921475,4;60;bla bla;95
I;202207;38166;IDaleatorio0000342;65926670527;;3948357,78;60;bla bla;96
I;202207;38166;IDaleatorio0000343;44550274166;;2458365,91;50;bla bla;97
I;202207;38166;IDaleatorio0000344;12530894930;;3953251,58;50;bla bla;98
I;202207;38166;IDaleatorio0000345;67134711293;;2146821,38;50;bla bla;91
I;202207;38166;IDaleatorio0000346;20313173346;;2982225,96;51;bla bla;92
I;202207;38166;IDaleatorio0000347;19479547333;;2595236,71;60;bla bla;93
I;202207;38166;IDaleatorio0000348;24655153067;;1834515,34;60;bla bla;94
I;202207;38166;IDaleatorio0000349;32925639682;;2291312,95;51;bla bla;95
I;202207;38166;IDaleatorio0000350;47503819006;;1787310,78;61;bla bla;96
I;202207;38166;IDaleatorio0000351;30255914717;;2677057,2;60;bla bla;97
I;202207;38166;IDaleatorio0000352;67102817363;;3432988,75;10;bla bla;98
I;202207;38166;IDaleatorio0000353;31636424546;;2477946,77;50;bla bla;91
I;202207;38166;IDaleatorio0000354;80915180219;;2161813,96;51;bla bla;92
I;202207;38166;IDaleatorio0000355;55486530676;;2269059,58;61;bla bla;93
I;202207;38166;IDaleatorio0000356;47690783317;;3138279,05;60;bla bla;94
I;202207;38166;IDaleatorio0000357;99888406752;;208277,26;50;bla bla;95
I;202207;38166;IDaleatorio0000358;33800202069;;3894858,65;51;bla bla;96
I;202207;38166;IDaleatorio0000359;77036433604;;678236,58;50;bla bla;97
I;202207;38166;IDaleatorio0000360;51515446670;;2582713,08;40;bla bla;98
I;202207;38166;IDaleatorio0000361;8418086602;;3774582,72;10;bla bla;91
I;202207;38166;IDaleatorio0000362;58842210293;;1777049,69;10;bla bla;92
I;202207;38166;IDaleatorio0000363;88874170165;;1595464,11;50;bla bla;93
I;202207;38166;IDaleatorio0000364;26599053637;;3205901,73;51;bla bla;94
I;202207;38166;IDaleatorio0000365;47258599312;;3927310,52;51;bla bla;95
I;202207;38166;IDaleatorio0000366;39891858707;;3766384,52;40;bla bla;96
I;202207;38166;IDaleatorio0000367;72758271826;;2250585,89;50;bla bla;97
I;202207;38166;IDaleatorio0000368;87365219491;;2336772,35;10;bla bla;98
I;202207;38166;IDaleatorio0000369;24635489167;;2495371,9;10;bla bla;91
I;202207;38166;IDaleatorio0000370;77337331207;;1751290,28;50;bla bla;92
I;202207;38166;IDaleatorio0000371;23544832011;;3145101,57;61;bla bla;93
I;202207;38166;IDaleatorio0000372;93236512903;;320942,78;60;bla bla;94
I;202207;38166;IDaleatorio0000373;44946807616;;738367,29;10;bla bla;95
I;202207;38166;IDaleatorio0000374;70708864708;;512320,57;50;bla bla;96
I;202207;38166;IDaleatorio0000375;99663165669;;2823755,36;10;bla bla;97
I;202207;38166;IDaleatorio0000376;45746620939;;591109,51;11;bla bla;98
I;202207;38166;IDaleatorio0000377;34117902709;;2007777,67;60;bla bla;91
I;202207;38166;IDaleatorio0000378;61717140386;;3403049,95;61;bla bla;92
I;202207;38166;IDaleatorio0000379;80934135290;;194024,07;40;bla bla;93
I;202207;38166;IDaleatorio0000380;85556140073;;1335844,33;60;bla bla;94
I;202207;38166;IDaleatorio0000381;35062151830;;2901068,25;60;bla bla;95
I;202207;38166;IDaleatorio0000382;61032760559;;1257947,56;10;bla bla;96
I;202207;38166;IDaleatorio0000383;94983195106;;2442729,99;10;bla bla;97
I;202207;38166;IDaleatorio0000384;44018835515;;2759477,54;61;bla bla;98
I;202207;38166;IDaleatorio0000385;44048249207;;2386397,26;40;bla bla;91
I;202207;38166;IDaleatorio0000386;95300744255;;522045,27;51;bla bla;92
I;202207;38166;IDaleatorio0000387;15872623984;;1370752,84;50;bla bla;93
I;202207;38166;IDaleatorio0000388;66019296032;;2194779,44;40;bla bla;94
I;202207;38166;IDaleatorio0000389;73143162449;;3787678,86;40;bla bla;95
I;202207;38166;IDaleatorio0000390;44124693605;;471654,81;11;bla bla;96
I;202207;38166;IDaleatorio0000391;1019409045;;3548679,96;61;bla bla;97
I;202207;38166;IDaleatorio0000392;44066166245;;479011,92;50;bla bla;98
I;202207;38166;IDaleatorio0000393;35278321067;;3076755,37;10;bla bla;91
I;202207;38166;IDaleatorio0000394;86348589870;;6512,59;60;bla bla;92
I;202207;38166;IDaleatorio0000395;30821958577;;1938106,99;10;bla bla;93
I;202207;38166;IDaleatorio0000396;17920813751;;3673100,89;50;bla bla;94
I;202207;38166;IDaleatorio0000397;70837591708;;3770602,93;40;bla bla;95
I;202207;38166;IDaleatorio0000398;95957605522;;354728,86;10;bla bla;96
I;202207;38166;IDaleatorio0000399;89587513045;;1790245,93;51;bla bla;97
I;202207;38166;IDaleatorio0000400;36838913275;;2150955,1;10;bla bla;98
I;202207;38166;IDaleatorio0000401;34276093325;;1193239,43;10;bla bla;91
I;202207;38166;IDaleatorio0000402;90487586107;;2274864,89;60;bla bla;92
I;202207;38166;IDaleatorio0000403;937208400;;2272128,66;50;bla bla;93
I;202207;38166;IDaleatorio0000404;74784085670;;2440916,77;10;bla bla;94
I;202207;38166;IDaleatorio0000405;15291668962;;560460,64;51;bla bla;95
I;202207;38166;IDaleatorio0000406;4097760688;;3505025,16;60;bla bla;96
I;202207;38166;IDaleatorio0000407;24075590615;;2410343,79;11;bla bla;97
I;202207;38166;IDaleatorio0000408;48718483615;;55915,24;10;bla bla;98
I;202207;38166;IDaleatorio0000409;70676844634;;1340479,67;40;bla bla;91
I;202207;38166;IDaleatorio0000410;3119822396;;2379662,35;10;bla bla;92
I;202207;38166;IDaleatorio0000411;89148551988;;2034688,11;10;bla bla;93
I;202207;38166;IDaleatorio0000412;69141563107;;1630352,08;61;bla bla;94
I;202207;38166;IDaleatorio0000413;50230280544;;3422548,18;40;bla bla;95
I;202207;38166;IDaleatorio0000414;8723141700;;3250957,68;60;bla bla;96
I;202207;38166;IDaleatorio0000415;69266855090;;2917188,33;10;bla bla;97
I;202207;38166;IDaleatorio0000416;48253619944;;1652602,43;11;bla bla;98
I;202207;38166;IDaleatorio0000417;70566950359;;3131298,66;51;bla bla;91
I;202207;38166;IDaleatorio0000418;74570430392;;3334299,57;11;bla bla;92
I;202207;38166;IDaleatorio0000419;3991493330;;491381,91;61;bla bla;93
I;202207;38166;IDaleatorio0000420;84467593497;;3275457,83;10;bla bla;94
I;202207;38166;IDaleatorio0000421;6598237807;;803941,7;50;bla bla;95
I;202207;38166;IDaleatorio0000422;76524328639;;3694367,51;51;bla bla;96
I;202207;38166;IDaleatorio0000423;79271749081;;1721499,04;61;bla bla;97
I;202207;38166;IDaleatorio0000424;13126472729;;1410714,78;61;bla bla;98
I;202207;38166;IDaleatorio0000425;53340455031;;380924,03;40;bla bla;91
I;202207;38166;IDaleatorio0000426;98740820971;;3208712,7;50;bla bla;92
I;202207;38166;IDaleatorio0000427;17267045723;;1217219,1;40;bla bla;93
I;202207;38166;IDaleatorio0000428;35274437540;;3248747,84;10;bla bla;94
I;202207;38166;IDaleatorio0000429;99285057721;;1748007,72;50;bla bla;95
I;202207;38166;IDaleatorio0000430;49768261048;;1757947,91;40;bla bla;96
I;202207;38166;IDaleatorio0000431;96635683305;;237798,87;10;bla bla;97
I;202207;38166;IDaleatorio0000432;19325457784;;221546,13;60;bla bla;98
I;202207;38166;IDaleatorio0000433;14386735151;;1964927,14;61;bla bla;91
I;202207;38166;IDaleatorio0000434;42514821312;;67195,59;61;bla bla;92
I;202207;38166;IDaleatorio0000435;95435827698;;3470174,75;11;bla bla;93
I;202207;38166;IDaleatorio0000436;46441539586;;2883390,41;11;bla bla;94
I;202207;38166;IDaleatorio0000437;62040723315;;1407524,87;61;bla bla;95
I;202207;38166;IDaleatorio0000438;3695288671;;2791211,91;50;bla bla;96
I;202207;38166;IDaleatorio0000439;51747750883;;3893861,59;10;bla bla;97
I;202207;38166;IDaleatorio0000440;6875592940;;3423411,16;61;bla bla;98
I;202207;38166;IDaleatorio0000441;68019185917;;1721010,1;61;bla bla;91
I;202207;38166;IDaleatorio0000442;83459038519;;3278044,45;40;bla bla;92
I;202207;38166;IDaleatorio0000443;16858139761;;35359,95;60;bla bla;93
I;202207;38166;IDaleatorio0000444;35483994361;;1996907,96;61;bla bla;94
I;202207;38166;IDaleatorio0000445;69293904020;;2633838,03;51;bla bla;95
I;202207;38166;IDaleatorio0000446;64812576466;;3878921,58;50;bla bla;96
I;202207;38166;IDaleatorio0000447;77797086753;;704096,06;11;bla bla;97
I;202207;38166;IDaleatorio0000448;4196974627;;1578860,8;40;bla bla;98
I;202207;38166;IDaleatorio0000449;53512448372;;247035,43;10;bla bla;91
I;202207;38166;IDaleatorio0000450;1648305377;;932146,47;61;bla bla;92
I;202207;38166;IDaleatorio0000451;72147963178;;3335875,82;51;bla bla;93
I;202207;38166;IDaleatorio0000452;54724740;;2896290,14;40;bla bla;94
I;202207;38166;IDaleatorio0000453;53675950816;;3915990,63;40;bla bla;95
I;202207;38166;IDaleatorio0000454;34149291802;;3229822,65;10;bla bla;96
I;202207;38166;IDaleatorio0000455;2384131958;;2440840,61;61;bla bla;97
I;202207;38166;IDaleatorio0000456;85899207710;;129593,91;10;bla bla;98
I;202207;38166;IDaleatorio0000457;88064477778;;3914444,09;11;bla bla;91
I;202207;38166;IDaleatorio0000458;84852721700;;2557992,96;10;bla bla;92
I;202207;38166;IDaleatorio0000459;98119162331;;2357300,94;50;bla bla;93
I;202207;38166;IDaleatorio0000460;943949629;;1068515,77;60;bla bla;94
I;202207;38166;IDaleatorio0000461;19697423725;;2548123,94;10;bla bla;95
I;202207;38166;IDaleatorio0000462;74066924395;;2356484,69;61;bla bla;96
I;202207;38166;IDaleatorio0000463;9124236845;;2978135,46;11;bla bla;97
I;202207;38166;IDaleatorio0000464;77631664870;;264772,56;10;bla bla;98
I;202207;38166;IDaleatorio0000465;81697424554;;3895781,75;10;bla bla;91
I;202207;38166;IDaleatorio0000466;37826885469;;1565605,5;10;bla bla;92
I;202207;38166;IDaleatorio0000467;19246036590;;1150793,83;51;bla bla;93
I;202207;38166;IDaleatorio0000468;81527662080;;2906900,51;61;bla bla;94
I;202207;38166;IDaleatorio0000469;50992737931;;3944900,8;61;bla bla;95
I;202207;38166;IDaleatorio0000470;44315791687;;2847527,23;61;bla bla;96
I;202207;38166;IDaleatorio0000471;34428404735;;3309844,88;60;bla bla;97
I;202207;38166;IDaleatorio0000472;11038148189;;494004,05;51;bla bla;98
I;202207;38166;IDaleatorio0000473;14343961699;;1082404,98;50;bla bla;91
I;202207;38166;IDaleatorio0000474;56068619176;;1297838,51;10;bla bla;92
I;202207;38166;IDaleatorio0000475;12329592434;;153585,69;11;bla bla;93
I;202207;38166;IDaleatorio0000476;86284168705;;1953397,48;11;bla bla;94
I;202207;38166;IDaleatorio0000477;388072113;;712156,16;40;bla bla;95
I;202207;38166;IDaleatorio0000478;28173941785;;1864632,15;40;bla bla;96
I;202207;38166;IDaleatorio0000479;53869538503;;3567904,23;40;bla bla;97
I;202207;38166;IDaleatorio0000480;49717008973;;1731897,68;51;bla bla;98
I;202207;38166;IDaleatorio0000481;43468624891;;968981,05;61;bla bla;91
I;202207;38166;IDaleatorio0000482;47947382425;;1566031,41;50;bla bla;92
I;202207;38166;IDaleatorio0000483;43069820417;;1020477,07;10;bla bla;93
I;202207;38166;IDaleatorio0000484;96095542022;;2956236,2;11;bla bla;94
I;202207;38166;IDaleatorio0000485;19376848659;;3474107,19;61;bla bla;95
I;202207;38166;IDaleatorio0000486;70469792515;;347456,8;61;bla bla;96
I;202207;38166;IDaleatorio0000487;70076364380;;626058,34;60;bla bla;97
I;202207;38166;IDaleatorio0000488;76855049605;;3284018,69;60;bla bla;98
I;202207;38166;IDaleatorio0000489;89892961960;;1604794,34;11;bla bla;91
I;202207;38166;IDaleatorio0000490;82736526880;;2418539,04;10;bla bla;92
I;202207;38166;IDaleatorio0000491;94230066201;;563201,28;11;bla bla;93
I;202207;38166;IDaleatorio0000492;83506706225;;830962,16;51;bla bla;94
I;202207;38166;IDaleatorio0000493;51054652961;;3851988,53;60;bla bla;95
I;202207;38166;IDaleatorio0000494;85044656836;;3483821,36;50;bla bla;96
I;202207;38166;IDaleatorio0000495;51473955718;;3267652,35;11;bla bla;97
I;202207;38166;IDaleatorio0000496;47400323172;;2141366,29;10;bla bla;98
I;202207;38166;IDaleatorio0000497;77220086318;;282401,42;51;bla bla;91
I;202207;38166;IDaleatorio0000498;29244587220;;1553485,76;61;bla bla;92
I;202207;38166;IDaleatorio0000499;62517486727;;1042624,92;40;bla bla;93
I;202207;38166;IDaleatorio0000500;43286808385;;923087,59;50;bla bla;94
I;202207;38166;IDaleatorio0000501;77821646806;;602920,08;61;bla bla;95
I;202207;38166;IDaleatorio0000502;42061989420;;2221323,89;10;bla bla;96
I;202207;38166;IDaleatorio0000503;25462239254;;743882,5;11;bla bla;97
I;202207;38166;IDaleatorio0000504;38969512209;;3834803,46;61;bla bla;98
I;202207;38166;IDaleatorio0000505;63935298307;;1302488,96;40;bla bla;91
I;202207;38166;IDaleatorio0000506;18579143764;;914425,19;11;bla bla;92
I;202207;38166;IDaleatorio0000507;26041298689;;144531,21;61;bla bla;93
I;202207;38166;IDaleatorio0000508;45224602793;;846087,04;61;bla bla;94
I;202207;38166;IDaleatorio0000509;82941217703;;1022631,46;10;bla bla;95
I;202207;38166;IDaleatorio0000510;77116481389;;1596024,58;10;bla bla;96
I;202207;38166;IDaleatorio0000511;49819845530;;3345155;10;bla bla;97
I;202207;38166;IDaleatorio0000512;6300678644;;1101049,33;51;bla bla;98
I;202207;38166;IDaleatorio0000513;99703926703;;3926098,2;11;bla bla;91
I;202207;38166;IDaleatorio0000514;71625417632;;527831,58;11;bla bla;92
I;202207;38166;IDaleatorio0000515;25937469470;;924670,35;60;bla bla;93
I;202207;38166;IDaleatorio0000516;13042834450;;2669845,32;10;bla bla;94
I;202207;38166;IDaleatorio0000517;47371680090;;3056722,05;51;bla bla;95
I;202207;38166;IDaleatorio0000518;65507345929;;161624,86;10;bla bla;96
I;202207;38166;IDaleatorio0000519;66744419960;;2751064,05;51;bla bla;97
I;202207;38166;IDaleatorio0000520;87478385311;;2966421,39;61;bla bla;98
I;202207;38166;IDaleatorio0000521;36702346328;;1585509,49;10;bla bla;91
I;202207;38166;IDaleatorio0000522;73124456670;;1630464,12;50;bla bla;92
I;202207;38166;IDaleatorio0000523;93503355065;;414205,23;60;bla bla;93
I;202207;38166;IDaleatorio0000524;43559232589;;3578615,89;11;bla bla;94
I;202207;38166;IDaleatorio0000525;36887159422;;2704627,62;60;bla bla;95
I;202207;38166;IDaleatorio0000526;8008985089;;2595169,25;61;bla bla;96
I;202207;38166;IDaleatorio0000527;28189534564;;3394299,9;10;bla bla;97
I;202207;38166;IDaleatorio0000528;23510503473;;2705239,43;51;bla bla;98
I;202207;38166;IDaleatorio0000529;46012166567;;852721,67;10;bla bla;91
I;202207;38166;IDaleatorio0000530;22298543488;;3978454,02;10;bla bla;92
I;202207;38166;IDaleatorio0000531;68553329003;;3020975,52;10;bla bla;93
I;202207;38166;IDaleatorio0000532;82374353460;;953482,95;60;bla bla;94
I;202207;38166;IDaleatorio0000533;82869898649;;528661,36;51;bla bla;95
I;202207;38166;IDaleatorio0000534;53397486262;;983775,68;60;bla bla;96
I;202207;38166;IDaleatorio0000535;87960367450;;143773,64;51;bla bla;97
I;202207;38166;IDaleatorio0000536;58924933264;;1410353,63;61;bla bla;98
I;202207;38166;IDaleatorio0000537;39272374502;;1185095,53;60;bla bla;91
I;202207;38166;IDaleatorio0000538;24666133364;;2608388,83;10;bla bla;92
I;202207;38166;IDaleatorio0000539;60162279949;;3984787,31;40;bla bla;93
I;202207;38166;IDaleatorio0000540;41741873398;;3888135,75;40;bla bla;94
I;202207;38166;IDaleatorio0000541;4473893359;;987527,2;40;bla bla;95
I;202207;38166;IDaleatorio0000542;89031418145;;1062208,27;50;bla bla;96
I;202207;38166;IDaleatorio0000543;38363459780;;3976450,06;60;bla bla;97
I;202207;38166;IDaleatorio0000544;65975777011;;3491633,92;11;bla bla;98
I;202207;38166;IDaleatorio0000545;86751166672;;3082585,09;11;bla bla;91
I;202207;38166;IDaleatorio0000546;7764344036;;199552,43;51;bla bla;92
I;202207;38166;IDaleatorio0000547;85664025611;;2883684,93;10;bla bla;93
I;202207;38166;IDaleatorio0000548;17282534209;;1594084,98;10;bla bla;94
I;202207;38166;IDaleatorio0000549;69484821634;;2545499,15;60;bla bla;95
I;202207;38166;IDaleatorio0000550;82092422618;;776456,16;10;bla bla;96
I;202207;38166;IDaleatorio0000551;73758565677;;772866,58;61;bla bla;97
I;202207;38166;IDaleatorio0000552;715901885;;3771106,89;10;bla bla;98
I;202207;38166;IDaleatorio0000553;39374113058;;3396686,47;50;bla bla;91
I;202207;38166;IDaleatorio0000554;44944124066;;3099782,02;40;bla bla;92
I;202207;38166;IDaleatorio0000555;95865743180;;3786530,17;60;bla bla;93
I;202207;38166;IDaleatorio0000556;54812369231;;1451842,24;11;bla bla;94
I;202207;38166;IDaleatorio0000557;67375111804;;3735736,95;61;bla bla;95
I;202207;38166;IDaleatorio0000558;15977907702;;506533,34;10;bla bla;96
I;202207;38166;IDaleatorio0000559;35114902946;;1215146,33;10;bla bla;97
I;202207;38166;IDaleatorio0000560;21341881032;;2493913,28;10;bla bla;98
I;202207;38166;IDaleatorio0000561;32788974205;;913856,41;10;bla bla;91
I;202207;38166;IDaleatorio0000562;68227600670;;2473501,46;40;bla bla;92
I;202207;38166;IDaleatorio0000563;83559884934;;1992165,01;10;bla bla;93
I;202207;38166;IDaleatorio0000564;21637540493;;1537222,22;50;bla bla;94
I;202207;38166;IDaleatorio0000565;98807553759;;148713,49;61;bla bla;95
I;202207;38166;IDaleatorio0000566;97272826525;;365584,85;61;bla bla;96
I;202207;38166;IDaleatorio0000567;98206922458;;1578903,48;10;bla bla;97
I;202207;38166;IDaleatorio0000568;79244117983;;1968943,71;61;bla bla;98
I;202207;38166;IDaleatorio0000569;20657602574;;3782848,94;40;bla bla;91
I;202207;38166;IDaleatorio0000570;48685525705;;1806239,22;51;bla bla;92
I;202207;38166;IDaleatorio0000571;76598317398;;2269738,4;61;bla bla;93
I;202207;38166;IDaleatorio0000572;60381977293;;1378985,63;51;bla bla;94
I;202207;38166;IDaleatorio0000573;77512895380;;2415361,64;60;bla bla;95
I;202207;38166;IDaleatorio0000574;22409996914;;3580485,58;10;bla bla;96
I;202207;38166;IDaleatorio0000575;95117333624;;2982411,16;51;bla bla;97
I;202207;38166;IDaleatorio0000576;8289705646;;3242835,8;50;bla bla;98
I;202207;38166;IDaleatorio0000577;53760807224;;1703216,83;10;bla bla;91
I;202207;38166;IDaleatorio0000578;17127045321;;1155568,71;10;bla bla;92
I;202207;38166;IDaleatorio0000579;70833281291;;1627981,2;11;bla bla;93
I;202207;38166;IDaleatorio0000580;86052820101;;3735379,84;60;bla bla;94
I;202207;38166;IDaleatorio0000581;82981719424;;3626774,1;50;bla bla;95
I;202207;38166;IDaleatorio0000582;38540976625;;2982006,62;10;bla bla;96
I;202207;38166;IDaleatorio0000583;61692764101;;2781730,48;10;bla bla;97
I;202207;38166;IDaleatorio0000584;30659117525;;3522442,33;51;bla bla;98
I;202207;38166;IDaleatorio0000585;85201181198;;2165384,96;50;bla bla;91
I;202207;38166;IDaleatorio0000586;68591930266;;3764794,97;61;bla bla;92
I;202207;38166;IDaleatorio0000587;44374476970;;1130863,02;40;bla bla;93
I;202207;38166;IDaleatorio0000588;42617355390;;3613703,52;10;bla bla;94
I;202207;38166;IDaleatorio0000589;25076998767;;264431,23;60;bla bla;95
I;202207;38166;IDaleatorio0000590;21378708350;;830975,73;61;bla bla;96
I;202207;38166;IDaleatorio0000591;14109242703;;2931360,5;10;bla bla;97
I;202207;38166;IDaleatorio0000592;84984362650;;2030088,31;10;bla bla;98
I;202207;38166;IDaleatorio0000593;78788250687;;2072601,84;50;bla bla;91
I;202207;38166;IDaleatorio0000594;80879177071;;3653473,55;10;bla bla;92
I;202207;38166;IDaleatorio0000595;64206465290;;34733,01;11;bla bla;93
I;202207;38166;IDaleatorio0000596;51740815580;;3568066,93;10;bla bla;94
I;202207;38166;IDaleatorio0000597;64496264889;;2767659,43;10;bla bla;95
I;202207;38166;IDaleatorio0000598;3335034570;;290023,61;10;bla bla;96
I;202207;38166;IDaleatorio0000599;33389226982;;2836809,46;10;bla bla;97
I;202207;38166;IDaleatorio0000600;33088215833;;3457902,41;11;bla bla;98
I;202207;38166;IDaleatorio0000601;41680988697;;2437016,58;61;bla bla;91
I;202207;38166;IDaleatorio0000602;92895376557;;3068790,39;11;bla bla;92
I;202207;38166;IDaleatorio0000603;11933819162;;3172229,86;10;bla bla;93
I;202207;38166;IDaleatorio0000604;88689537309;;3118013,65;61;bla bla;94
I;202207;38166;IDaleatorio0000605;269612963;;3019974,97;51;bla bla;95
I;202207;38166;IDaleatorio0000606;94403572235;;1186921,99;10;bla bla;96
I;202207;38166;IDaleatorio0000607;;4,28E+13;1002796,08;11;bla bla;97
I;202207;38166;IDaleatorio0000608;;4,18E+13;1547993,86;61;bla bla;98
I;202207;38166;IDaleatorio0000609;;5,55E+13;3723962,95;50;bla bla;91
I;202207;38166;IDaleatorio0000610;;7,28E+13;1053119,19;61;bla bla;92
I;202207;38166;IDaleatorio0000611;;3,72E+13;414721,76;40;bla bla;93
I;202207;38166;IDaleatorio0000612;;3,26E+13;594293,45;61;bla bla;94
I;202207;38166;IDaleatorio0000613;;2,79E+13;1114930,85;10;bla bla;95
I;202207;38166;IDaleatorio0000614;;5,11E+13;1443339,28;10;bla bla;96
I;202207;38166;IDaleatorio0000615;;6,48E+13;2647135,84;10;bla bla;97
I;202207;38166;IDaleatorio0000616;;2,32E+13;2853164,15;50;bla bla;98
I;202207;38166;IDaleatorio0000617;;5,63E+13;2812800,2;11;bla bla;91
I;202207;38166;IDaleatorio0000618;;6,89E+13;3060777,01;40;bla bla;92
I;202207;38166;IDaleatorio0000619;;1,42E+13;932220,43;40;bla bla;93
I;202207;38166;IDaleatorio0000620;;5,63E+13;3507566,24;50;bla bla;94
I;202207;38166;IDaleatorio0000621;;2,11E+13;3421388,97;50;bla bla;95
I;202207;38166;IDaleatorio0000622;;4,47E+13;1672863,74;61;bla bla;96
I;202207;38166;IDaleatorio0000623;;4,17E+13;1188575,43;40;bla bla;97
I;202207;38166;IDaleatorio0000624;;6,75E+13;2248652,15;40;bla bla;98
I;202207;38166;IDaleatorio0000625;;7,74E+13;3433478,37;11;bla bla;91
I;202207;38166;IDaleatorio0000626;;1,25E+13;2212971,9;61;bla bla;92
I;202207;38166;IDaleatorio0000627;;4,78E+13;304163,58;40;bla bla;93
I;202207;38166;IDaleatorio0000628;;7,66E+13;861654,37;40;bla bla;94
I;202207;38166;IDaleatorio0000629;;6,07E+13;789320,16;10;bla bla;95
I;202207;38166;IDaleatorio0000630;;6,33E+13;131487,33;10;bla bla;96
I;202207;38166;IDaleatorio0000631;;7,06E+13;1923144,67;10;bla bla;97
I;202207;38166;IDaleatorio0000632;;7,64E+13;133888,32;11;bla bla;98
I;202207;38166;IDaleatorio0000633;;5,42E+13;3565724,97;10;bla bla;91
I;202207;38166;IDaleatorio0000634;;4,59E+13;3663303,74;51;bla bla;92
I;202207;38166;IDaleatorio0000635;;3,22E+13;1317532,69;10;bla bla;93
I;202207;38166;IDaleatorio0000636;;3,53E+13;3099165,81;50;bla bla;94
I;202207;38166;IDaleatorio0000637;;7,48E+13;3397438,69;40;bla bla;95
I;202207;38166;IDaleatorio0000638;;3,21E+11;2584679,26;61;bla bla;96
I;202207;38166;IDaleatorio0000639;;2,42E+13;113424,5;40;bla bla;97
I;202207;38166;IDaleatorio0000640;;7,38E+13;519062,37;60;bla bla;98
I;202207;38166;IDaleatorio0000641;;7,68E+13;375129,85;51;bla bla;91
I;202207;38166;IDaleatorio0000642;;8,41E+13;1802614,72;61;bla bla;92
I;202207;38166;IDaleatorio0000643;;5,86E+13;1172608,41;51;bla bla;93
I;202207;38166;IDaleatorio0000644;;5,69E+13;3544333,44;50;bla bla;94
I;202207;38166;IDaleatorio0000645;;8,04E+13;2760560,09;11;bla bla;95
I;202207;38166;IDaleatorio0000646;;7,44E+13;1548871,07;51;bla bla;96
I;202207;38166;IDaleatorio0000647;;2,71E+13;222274,86;50;bla bla;97
I;202207;38166;IDaleatorio0000648;;4,61E+13;2739241,68;51;bla bla;98
I;202207;38166;IDaleatorio0000649;;6,84E+13;1498396,82;60;bla bla;91
I;202207;38166;IDaleatorio0000650;;8,37E+13;318132,32;11;bla bla;92
I;202207;38166;IDaleatorio0000651;;6,45E+13;2487684,06;51;bla bla;93
I;202207;38166;IDaleatorio0000652;;7,80E+12;2300098,4;50;bla bla;94
I;202207;38166;IDaleatorio0000653;;2,62E+13;533950,94;50;bla bla;95
I;202207;38166;IDaleatorio0000654;;4,46E+13;1119589,75;60;bla bla;96
I;202207;38166;IDaleatorio0000655;;1,81E+13;791030,35;50;bla bla;97
I;202207;38166;IDaleatorio0000656;;8,51E+13;2922509,12;40;bla bla;98
I;202207;38166;IDaleatorio0000657;;4,20E+13;2259662;11;bla bla;91
I;202207;38166;IDaleatorio0000658;;2,72E+13;1536324,55;10;bla bla;92
I;202207;38166;IDaleatorio0000659;;5,52E+13;1174346,03;60;bla bla;93
I;202207;38166;IDaleatorio0000660;;6,84E+13;2509543,43;11;bla bla;94
I;202207;38166;IDaleatorio0000661;;5,31E+13;3048773,35;51;bla bla;95
I;202207;38166;IDaleatorio0000662;;3,17E+12;522709,69;60;bla bla;96
I;202207;38166;IDaleatorio0000663;;5,38E+13;963284,58;11;bla bla;97
I;202207;38166;IDaleatorio0000664;;8,39E+13;2797971,27;10;bla bla;98
I;202207;38166;IDaleatorio0000665;;8,09E+12;899131,88;50;bla bla;91
I;202207;38166;IDaleatorio0000666;;2,28E+13;2064511,97;50;bla bla;92
I;202207;38166;IDaleatorio0000667;;5,68E+13;2297241,37;10;bla bla;93
I;202207;38166;IDaleatorio0000668;;4,60E+13;1886733,17;51;bla bla;94
I;202207;38166;IDaleatorio0000669;;5,42E+13;3152560,15;51;bla bla;95
I;202207;38166;IDaleatorio0000670;;6,14E+13;2586472,9;40;bla bla;96
I;202207;38166;IDaleatorio0000671;;6,19E+13;3683910,03;11;bla bla;97
I;202207;38166;IDaleatorio0000672;;6,37E+13;1226815,22;10;bla bla;98
I;202207;38166;IDaleatorio0000673;;5,54E+13;1783354,57;51;bla bla;91
I;202207;38166;IDaleatorio0000674;;8,04E+13;3699542,53;60;bla bla;92
I;202207;38166;IDaleatorio0000675;;4,75E+13;3005617,71;40;bla bla;93
I;202207;38166;IDaleatorio0000676;;3,54E+13;3233570,01;51;bla bla;94
I;202207;38166;IDaleatorio0000677;;7,64E+13;1339020;40;bla bla;95
I;202207;38166;IDaleatorio0000678;;5,54E+13;348540,55;11;bla bla;96
I;202207;38166;IDaleatorio0000679;;3,27E+12;141266,42;60;bla bla;97
I;202207;38166;IDaleatorio0000680;;3,44E+13;771251,15;51;bla bla;98
I;202207;38166;IDaleatorio0000681;;8,74E+13;2176708,66;50;bla bla;91
I;202207;38166;IDaleatorio0000682;;3,18E+12;3471271,81;11;bla bla;92
I;202207;38166;IDaleatorio0000683;;4,22E+13;1329000,42;61;bla bla;93
I;202207;38166;IDaleatorio0000684;;1,44E+13;3948928,34;50;bla bla;94
I;202207;38166;IDaleatorio0000685;;3,18E+13;621929,63;11;bla bla;95
I;202207;38166;IDaleatorio0000686;;6,31E+13;326415,59;11;bla bla;96
I;202207;38166;IDaleatorio0000687;;4,00E+13;3614240,76;10;bla bla;97
I;202207;38166;IDaleatorio0000688;;6,72E+13;1366989,51;50;bla bla;98
I;202207;38166;IDaleatorio0000689;;5,26E+13;1696213,16;40;bla bla;91
I;202207;38166;IDaleatorio0000690;;2,59E+13;2998237,58;40;bla bla;92
I;202207;38166;IDaleatorio0000691;;8,04E+13;21294,98;60;bla bla;93
I;202207;38166;IDaleatorio0000692;;3,23E+13;1987450,54;10;bla bla;94
I;202207;38166;IDaleatorio0000693;;5,88E+13;2242090,34;50;bla bla;95
I;202207;38166;IDaleatorio0000694;;7,41E+12;2495113,47;10;bla bla;96
I;202207;38166;IDaleatorio0000695;;5,89E+13;2946794,64;10;bla bla;97
I;202207;38166;IDaleatorio0000696;;4,59E+13;435668,03;50;bla bla;98
I;202207;38166;IDaleatorio0000697;;1,07E+13;3712233,58;10;bla bla;91
I;202207;38166;IDaleatorio0000698;;6,56E+13;1587473,13;51;bla bla;92
I;202207;38166;IDaleatorio0000699;;4,11E+13;685329,65;51;bla bla;93
I;202207;38166;IDaleatorio0000700;;4,87E+13;1031937,99;40;bla bla;94
I;202207;38166;IDaleatorio0000701;;1,31E+13;183621,39;40;bla bla;95
I;202207;38166;IDaleatorio0000702;;7,13E+13;274884,34;40;bla bla;96
I;202207;38166;IDaleatorio0000703;;7,14E+13;3800540,37;51;bla bla;97
I;202207;38166;IDaleatorio0000704;;2,13E+13;108114,6;40;bla bla;98
I;202207;38166;IDaleatorio0000705;;5,64E+13;249371,54;10;bla bla;91
I;202207;38166;IDaleatorio0000706;;5,74E+13;1801141,98;40;bla bla;92
